關鍵字,網域,次數
益生菌菌株 (genus‑species‑strain),www.beauthy.com.tw,4
益生菌菌株 (genus‑species‑strain),shopping.dradvice.asia,2
益生菌菌株 (genus‑species‑strain),baike.baidu.com,1
益生菌菌株 (genus‑species‑strain),www.synbiotech.com,1
益生菌菌株 (genus‑species‑strain),healthformula.com.tw,1
益生菌菌株 (genus‑species‑strain),www.edh.tw,1
益生菌菌株 (genus‑species‑strain),www.damokampo.com,1
益生菌CFU (Colony Forming Unit),www.superlab.com.tw,2
益生菌CFU (Colony Forming Unit),blog.fjb100.com,2
益生菌CFU (Colony Forming Unit),blog.unikcare.co,2
益生菌CFU (Colony Forming Unit),gohealth.contenta.tw,1
益生菌CFU (Colony Forming Unit),biomed.hk,1
益生菌CFU (Colony Forming Unit),goodbody.news,1
益生菌CFU (Colony Forming Unit),heho.com.tw,1
益生菌CFU (Colony Forming Unit),elohas.org,1
益生菌CFU (Colony Forming Unit),shop.realpromise.com,1
益生菌CFU (Colony Forming Unit),greenbox.tw,1
益生菌CFU (Colony Forming Unit),www.commonhealth.com.tw,1
乳酸菌益生菌,health.mdic.ncku.edu.tw,2
乳酸菌益生菌,www.daikenshop.com,2
乳酸菌益生菌,www.worldgymtaiwan.com,2
乳酸菌益生菌,www.womenshealthmag.com,1
乳酸菌益生菌,shop.vitabox.com.tw,1
乳酸菌益生菌,jerosse.com.tw,1
乳酸菌益生菌,gi-health.com.tw,1
乳酸菌益生菌,shop.nongchunxiang.com.tw,1
乳酸菌益生菌,www.longwalk-biotech.com.tw,1
乳酸菌益生菌,www.ikorshop.com,1
乳酸菌益生菌,www.wego-tw.com,1
克菲爾益生菌,kefir.link,3
克菲爾益生菌,www.27662000.com.tw,2
克菲爾益生菌,blog.fjb100.com,2
克菲爾益生菌,m.notorious-2019.com,1
克菲爾益生菌,npower.heho.com.tw,1
克菲爾益生菌,notorious-2019.com,1
克菲爾益生菌,fancy.qdm.tw,1
益生菌+益生元 (Synbiotic),shop.vitabox.com.tw,2
益生菌+益生元 (Synbiotic),www.pure-au.com,2
益生菌+益生元 (Synbiotic),tw.iherb.com,2
益生菌+益生元 (Synbiotic),shop.dragonpharm.com.tw,1
益生菌+益生元 (Synbiotic),www.nature-power.tw,1
益生菌+益生元 (Synbiotic),www.amazon.com,1
益生菌+益生元 (Synbiotic),www.mygrshop.com.tw,1
益生菌+益生元 (Synbiotic),www.dragonpharm.com.tw,1
益生菌+益生元 (Synbiotic),biomedschool.com,1
益生菌+益生元 (Synbiotic),www.nutribook.net,1
益生菌+益生元 (Synbiotic),www.papa-oligo.com,1
益生菌+益生元 (Synbiotic),hk.news.yahoo.com,1
益生菌+益生元 (Synbiotic),www.tystar.com.tw,1
益生菌+益生元 (Synbiotic),lwhklab.com.tw,1
益生菌後生元 (Postbiotic),www.smilerx.com.tw,2
益生菌後生元 (Postbiotic),www.dabombprotein.com,2
益生菌後生元 (Postbiotic),bio-nin.com,2
益生菌後生元 (Postbiotic),www.fjb100.com,1
益生菌後生元 (Postbiotic),shop.dragonpharm.com.tw,1
益生菌後生元 (Postbiotic),www.gfbuy.com.tw,1
益生菌後生元 (Postbiotic),www.biojoy.com.tw,1
益生菌後生元 (Postbiotic),www.synbiotech.com,1
益生菌後生元 (Postbiotic),www.shopsmilerx.com,1
益生菌腸–腦軸 (Gut–Brain Axis),www.tma.tw,2
益生菌腸–腦軸 (Gut–Brain Axis),www.gut-brain.org,2
益生菌腸–腦軸 (Gut–Brain Axis),blog.uterusally.com,2
益生菌腸–腦軸 (Gut–Brain Axis),alldaycompanytech.com,1
益生菌腸–腦軸 (Gut–Brain Axis),benedlife.com,1
益生菌腸–腦軸 (Gut–Brain Axis),www.bcrc.firdi.org.tw,1
益生菌腸–腦軸 (Gut–Brain Axis),www.hc.mmh.org.tw,1
益生菌腸–腦軸 (Gut–Brain Axis),www.vitura.com.tw,1
益生菌腸–腦軸 (Gut–Brain Axis),www.jwdx.com.tw,1
益生菌短鏈脂肪酸 (SCFAs),biomed.hk,2
益生菌短鏈脂肪酸 (SCFAs),mag.betery.com.tw,2
益生菌短鏈脂肪酸 (SCFAs),gutolution.com,2
益生菌短鏈脂肪酸 (SCFAs),www.cpr.cuhk.edu.hk,1
益生菌短鏈脂肪酸 (SCFAs),www.wjgnet.com,1
益生菌短鏈脂肪酸 (SCFAs),www.med.cuhk.edu.hk,1
益生菌短鏈脂肪酸 (SCFAs),biocommander.com,1
益生菌短鏈脂肪酸 (SCFAs),www.tystar.com.tw,1
益生菌短鏈脂肪酸 (SCFAs),www.healthone.com.tw,1
益生菌腸躁症緩解,blog.worldgymtaiwan.com,2
益生菌腸躁症緩解,www.ysp.com.tw,2
益生菌腸躁症緩解,biomed.hk,2
益生菌腸躁症緩解,pharmahuanote.com,2
益生菌腸躁症緩解,goodmood.com.tw,1
益生菌腸躁症緩解,www.yung-chiao.com.tw,1
益生菌腸躁症緩解,www.cycitrus.com,1
益生菌腸躁症緩解,www.cynthiadietitian.com,1
益生菌腸躁症緩解,nutrition168.com,1
益生菌腸躁症緩解,funcare.com,1
益生菌抗生素相關腹瀉,www.airitilibrary.com,4
益生菌抗生素相關腹瀉,www.cochrane.org,2
益生菌抗生素相關腹瀉,www.tnhosp.mohw.gov.tw,1
益生菌抗生素相關腹瀉,www.biojoy.com.tw,1
益生菌抗生素相關腹瀉,www.aboutkidshealth.ca,1
益生菌抗生素相關腹瀉,www.cochranelibrary.com,1
益生菌抗生素相關腹瀉,gi-health.com.tw,1
益生菌抗生素相關腹瀉,www.kskhealth.com,1
益生菌免疫調節,shop.vitabox.com.tw,2
益生菌免疫調節,www.healthnews.com.tw,2
益生菌免疫調節,www.iehealth7799.com,2
益生菌免疫調節,tw.news.yahoo.com,1
益生菌免疫調節,www.watsons.com.tw,1
益生菌免疫調節,gcm.org.tw,1
益生菌免疫調節,biomed.hk,1
益生菌免疫調節,www.crassna.com,1
益生菌免疫調節,www.cathay-hcm.com.tw,1
益生菌免疫調節,www.ustvshopping.com.tw,1
益生菌體重管理,biomed.hk,3
益生菌體重管理,tw.wen8health.com,2
益生菌體重管理,www.simplyhealth.com.hk,2
益生菌體重管理,www.cw.com.tw,1
益生菌體重管理,ricky.tw,1
益生菌體重管理,www.harpersbazaar.com,1
益生菌體重管理,www.biojoy.com.tw,1
益生菌體重管理,www.health-click.com.tw,1
益生菌體重管理,www.funcare.com,1
益生菌體重管理,www.damokampo.com,1
益生菌益生元搭配,www.dietician.com.tw,3
益生菌益生元搭配,shop.vitabox.com.tw,2
益生菌益生元搭配,www.papa-oligo.com,2
益生菌益生元搭配,blog.goodhealth.tw,1
益生菌益生元搭配,hskgene.com,1
益生菌益生元搭配,www.8more.com.tw,1
益生菌益生元搭配,herbpro.tw,1
益生菌益生元搭配,www.carloine.com.tw,1
益生菌益生元搭配,www.daikenshop.com,1
益生菌益生元搭配,views.learneating.com,1
